-- phpMyAdmin SQL Dump
-- version 5.0.1
-- https://www.phpmyadmin.net/
--
-- Host: 127.0.0.1
-- Generation Time: Mar 10, 2020 at 10:03 AM
-- Server version: 10.4.11-MariaDB
-- PHP Version: 7.4.1

SET SQL_MODE = "NO_AUTO_VALUE_ON_ZERO";
SET AUTOCOMMIT = 0;
START TRANSACTION;
SET time_zone = "+00:00";


/*!40101 SET @OLD_CHARACTER_SET_CLIENT=@@CHARACTER_SET_CLIENT */;
/*!40101 SET @OLD_CHARACTER_SET_RESULTS=@@CHARACTER_SET_RESULTS */;
/*!40101 SET @OLD_COLLATION_CONNECTION=@@COLLATION_CONNECTION */;
/*!40101 SET NAMES utf8mb4 */;

--
-- Database: `soccer_keomanivong_chansamone`
--

-- --------------------------------------------------------

--
-- Table structure for table `country`
--

CREATE TABLE `country` (
  `Country_Name` varchar(25) NOT NULL,
  `Population` decimal(10,2) DEFAULT NULL,
  `No_of_Worldcup_won` int(11) DEFAULT NULL,
  `Manager` varchar(20) DEFAULT NULL
) ENGINE=InnoDB DEFAULT CHARSET=utf8mb4;

--
-- Dumping data for table `country`
--

INSERT INTO `country` (`Country_Name`, `Population`, `No_of_Worldcup_won`, `Manager`) VALUES
('Algeria', '39.90', 0, 'Vahid Halilhodzic'),
('Argentina', '42.30', 2, 'Alejandro Sabella'),
('Australia', '23.59', 0, 'Ange Postecoglou'),
('Belgium', '11.20', 0, 'Marc Wilmots'),
('Bosnia & Herzegovina', '3.83', 0, 'Safet Susic'),
('Brazil', '202.40', 5, 'Luiz Felipe Scolari'),
('Cameroon', '23.03', 0, 'Volker Finke'),
('Chile', '17.62', 0, 'Jorge Sampaoli'),
('Columbia', '49.14', 0, 'Jose Pekerman'),
('Costa Rica', '4.87', 0, 'Jorge Luis Pinto'),
('Croatia', '4.25', 0, 'Niko Kovac'),
('Ecuador', '15.98', 0, 'Reinaldo Rueda'),
('England', '53.50', 1, 'Roy Hodgson'),
('France', '64.60', 1, 'Didier Deschamps'),
('Germany', '82.60', 4, 'Joachim Low'),
('Ghana', '25.90', 0, 'James Kwesi Appiah'),
('Greece', '11.20', 0, 'Fernando Santos'),
('Honduras', '8.09', 0, 'Luis Fernando Suarez'),
('Iran', '77.97', 0, 'Carlos Queiroz'),
('Italy', '61.07', 4, 'Cesare Prandelli'),
('Ivory Coast', '20.32', 0, 'Sabri Lamouchi'),
('Japan', '127.06', 0, 'Alberto Zaccheroni'),
('Mexico', '122.30', 0, 'Miguel Herrera'),
('Netherlands', '16.90', 0, 'Louis van Gaal'),
('Nigeria', '173.60', 0, 'Stephen Keshi'),
('Portugal', '10.58', 0, 'Paulo Bento'),
('Russia', '142.46', 0, 'Fabio Capello'),
('South Korea', '50.42', 0, 'Hong Myung-bo'),
('Spain', '47.10', 1, 'Vicente del Bosque'),
('Switzerland', '8.00', 0, 'Ottmar Hitzfeld'),
('Uruguay', '3.42', 2, 'Oscar Tabarez'),
('USA', '318.90', 0, 'Jurgen Klinsmann');

-- --------------------------------------------------------

--
-- Table structure for table `match_results`
--

CREATE TABLE `match_results` (
  `Match_id` int(11) NOT NULL,
  `Date_of_Match` date DEFAULT NULL,
  `Start_Time_Of_Match` time DEFAULT NULL,
  `Team1` varchar(25) DEFAULT NULL,
  `Team2` varchar(25) DEFAULT NULL,
  `Team1_score` int(11) DEFAULT NULL,
  `Team2_score` int(11) DEFAULT NULL,
  `Stadium_Name` varchar(35) DEFAULT NULL,
  `Host_City` varchar(20) DEFAULT NULL
) ENGINE=InnoDB DEFAULT CHARSET=utf8mb4;

--
-- Dumping data for table `match_results`
--

INSERT INTO `match_results` (`Match_id`, `Date_of_Match`, `Start_Time_Of_Match`, `Team1`, `Team2`, `Team1_score`, `Team2_score`, `Stadium_Name`, `Host_City`) VALUES
(1, '2014-06-12', '17:00:00', 'Brazil', 'Croatia', 3, 1, 'Arena de Sao Paulo', 'Sao Paulo'),
(2, '2014-06-13', '13:00:00', 'Mexico', 'Cameroon', 1, 0, 'Estadio das Dunas', 'Natal'),
(3, '2014-06-13', '16:00:00', 'Spain', 'Netherlands', 1, 5, 'Arena Fonte Nova', 'Salvador'),
(4, '2014-06-13', '18:00:00', 'Chile', 'Australia', 3, 1, 'Arena Pantanal', 'Cuiaba'),
(5, '2014-06-14', '13:00:00', 'Columbia', 'Greece', 3, 0, 'Estadio Mineirao', 'Belo Horizonte'),
(6, '2014-06-14', '22:00:00', 'Ivory Coast', 'Japan', 2, 1, 'Arena Pernamuco', 'Recife'),
(7, '2014-06-14', '16:00:00', 'Uruguay', 'Costa Rica', 1, 3, 'Estadio Castelao', 'Fortaleza'),
(8, '2014-06-14', '18:00:00', 'England', 'Italy', 1, 2, 'Arena Amazonia', 'Manaus'),
(9, '2014-06-15', '13:00:00', 'Switzerland', 'Ecuador', 2, 1, 'Estadio Nacional', 'Brasilia'),
(10, '2014-06-15', '16:00:00', 'France', 'Honduras', 3, 0, 'Estadio Beira-Rio', 'Porto Alegre'),
(11, '2014-06-15', '19:00:00', 'Argentina', 'Bosnia & Herzegovina', 2, 1, 'Estadio do Maracana', 'Rio De Janerio'),
(12, '2014-06-16', '16:00:00', 'Iran', 'Nigeria', 0, 0, 'Arena Da Baixada', 'Curitiba'),
(13, '2014-06-16', '13:00:00', 'Germany', 'Portugal', 4, 0, 'Arena Fonte Nova', 'Salvador'),
(14, '2014-06-16', '19:00:00', 'Ghana', 'USA', 1, 2, 'Estadio das Dunas', 'Natal'),
(15, '2014-06-17', '13:00:00', 'Belgium', 'Algeria', 2, 1, 'Estadio Mineirao', 'Belo Horizonte'),
(16, '2014-06-17', '18:00:00', 'Russia', 'South Korea', 1, 1, 'Arena Pantanal', 'Cuiaba'),
(17, '2014-06-17', '16:00:00', 'Brazil', 'Mexico', 0, 0, 'Estadio Castelao', 'Fortaleza'),
(18, '2014-06-18', '18:00:00', 'Cameroon', 'Croatia', 0, 4, 'Arena Amazonia', 'Manaus'),
(19, '2014-06-18', '16:00:00', 'Spain', 'Chile', 0, 2, 'Estadio do Maracana', 'Rio De Janerio'),
(20, '2014-06-18', '13:00:00', 'Australia', 'Netherlands', 2, 3, 'Estadio Beira-Rio', 'Porto Alegre'),
(21, '2014-06-19', '13:00:00', 'Columbia', 'Ivory Coast', 2, 1, 'Estadio Nacional', 'Brasilia'),
(22, '2014-06-19', '19:00:00', 'Japan', 'Greece', 0, 0, 'Estadio das Dunas', 'Natal'),
(23, '2014-06-19', '16:00:00', 'Uruguay', 'England', 2, 1, 'Arena de Sao Paulo', 'Sao Paulo'),
(24, '2014-06-20', '13:00:00', 'Italy', 'Costa Rica', 0, 1, 'Arena Pernamuco', 'Recife'),
(25, '2014-06-20', '16:00:00', 'Switzerland', 'France', 2, 5, 'Arena Fonte Nova', 'Salvador'),
(26, '2014-06-20', '19:00:00', 'Honduras', 'Ecuador', 1, 2, 'Arena Da Baixada', 'Curitiba'),
(27, '2014-06-21', '13:00:00', 'Argentina', 'Iran', 1, 0, 'Estadio Mineirao', 'Belo Horizonte'),
(28, '2014-06-21', '18:00:00', 'Nigeria', 'Bosnia & Herzegovina', 1, 0, 'Arena Pantanal', 'Cuiaba'),
(29, '2014-06-21', '16:00:00', 'Germany', 'Ghana', 2, 2, 'Estadio Castelao', 'Fortaleza'),
(30, '2014-06-22', '18:00:00', 'USA', 'Portugal', 2, 2, 'Arena Amazonia', 'Manaus'),
(31, '2014-06-22', '13:00:00', 'Belgium', 'Russia', 1, 0, 'Estadio do Maracana', 'Rio De Janerio'),
(32, '2014-06-22', '16:00:00', 'South Korea', 'Algeria', 2, 4, 'Estadio Beira-Rio', 'Porto Alegre'),
(33, '2014-06-23', '17:00:00', 'Cameroon', 'Brazil', 1, 4, 'Estadio Nacional', 'Brasilia'),
(34, '2014-06-23', '17:00:00', 'Croatia', 'Mexico', 1, 3, 'Arena Pernamuco', 'Recife'),
(35, '2014-06-23', '13:00:00', 'Australia', 'Spain', 0, 3, 'Arena Da Baixada', 'Curitiba'),
(36, '2014-06-23', '13:00:00', 'Netherlands', 'Chile', 2, 0, 'Arena de Sao Paulo', 'Sao Paulo'),
(37, '2014-06-24', '16:00:00', 'Japan', 'Columbia', 1, 4, 'Arena Pantanal', 'Cuiaba'),
(38, '2014-06-24', '17:00:00', 'Greece', 'Ivory Coast', 2, 1, 'Estadio Castelao', 'Fortaleza'),
(39, '2014-06-24', '13:00:00', 'Italy', 'Uruguay', 0, 1, 'Estadio das Dunas', 'Natal'),
(40, '2014-06-24', '13:00:00', 'Costa Rica', 'England', 0, 0, 'Estadio Mineirao', 'Belo Horizonte'),
(41, '2014-06-25', '16:00:00', 'Honduras', 'Switzerland', 0, 3, 'Arena Amazonia', 'Manaus'),
(42, '2014-06-25', '17:00:00', 'Ecuador', 'France', 0, 0, 'Estadio do Maracana', 'Rio De Janerio'),
(43, '2014-06-25', '13:00:00', 'Nigeria', 'Argentina', 2, 3, 'Estadio Beira-Rio', 'Porto Alegre'),
(44, '2014-06-25', '13:00:00', 'Bosnia & Herzegovina', 'Iran', 3, 1, 'Arena Fonte Nova', 'Salvador'),
(45, '2014-06-26', '13:00:00', 'USA', 'Germany', 0, 1, 'Arena Pernamuco', 'Recife'),
(46, '2014-06-26', '13:00:00', 'Portugal', 'Ghana', 2, 1, 'Estadio Nacional', 'Brasilia'),
(47, '2014-06-26', '17:00:00', 'South Korea', 'Belgium', 0, 1, 'Arena de Sao Paulo', 'Sao Paulo'),
(48, '2014-06-26', '17:00:00', 'Algeria', 'Russia', 1, 1, 'Arena Da Baixada', 'Curitiba'),
(49, '2014-06-28', '13:00:00', 'Brazil', 'Chile', 1, 1, 'Estadio Mineirao', 'Belo Horizonte'),
(50, '2014-06-28', '17:00:00', 'Columbia', 'Uruguay', 2, 0, 'Estadio do Maracana', 'Rio De Janerio'),
(51, '2014-06-29', '13:00:00', 'Netherlands', 'Mexico', 2, 1, 'Estadio Castelao', 'Fortaleza'),
(52, '2014-06-29', '17:00:00', 'Costa Rica', 'Greece', 1, 1, 'Arena Pernamuco', 'Recife'),
(53, '2014-06-30', '13:00:00', 'France', 'Nigeria', 2, 0, 'Estadio Nacional', 'Brasilia'),
(54, '2014-06-30', '17:00:00', 'Germany', 'Algeria', 2, 1, 'Estadio Beira-Rio', 'Porto Alegre'),
(55, '2014-07-01', '13:00:00', 'Argentina', 'Switzerland', 1, 0, 'Arena de Sao Paulo', 'Sao Paulo'),
(56, '2014-07-01', '17:00:00', 'Belgium', 'USA', 2, 1, 'Arena Fonte Nova', 'Salvador'),
(57, '2014-07-04', '17:00:00', 'Brazil', 'Columbia', 2, 1, 'Estadio Castelao', 'Fortaleza'),
(58, '2014-07-04', '13:00:00', 'France', 'Germany', 0, 1, 'Estadio do Maracana', 'Rio De Janerio'),
(59, '2014-07-05', '17:00:00', 'Netherlands', 'Costa Rica', 0, 0, 'Arena Fonte Nova', 'Salvador'),
(60, '2014-07-05', '13:00:00', 'Argentina', 'Belgium', 1, 0, 'Estadio Nacional', 'Brasilia'),
(61, '2014-07-08', '17:00:00', 'Brazil', 'Germany', 1, 7, 'Estadio Mineirao', 'Belo Horizonte'),
(62, '2014-07-09', '17:00:00', 'Netherlands', 'Argentina', 0, 0, 'Arena de Sao Paulo', 'Sao Paulo'),
(63, '2014-07-12', '17:00:00', 'Brazil', 'Netherlands', 0, 3, 'Estadio Nacional', 'Brasilia'),
(64, '2014-07-13', '16:00:00', 'Germany', 'Argentina', 1, 0, 'Estadio do Maracana', 'Rio De Janerio');

-- --------------------------------------------------------

--
-- Table structure for table `players`
--

CREATE TABLE `players` (
  `Player_id` int(11) NOT NULL,
  `Name` varchar(40) DEFAULT NULL,
  `Fname` varchar(20) DEFAULT NULL,
  `Lname` varchar(35) DEFAULT NULL,
  `DOB` date DEFAULT NULL,
  `Country` varchar(20) DEFAULT NULL,
  `Height` int(11) DEFAULT NULL,
  `Club` varchar(30) DEFAULT NULL,
  `Position` varchar(10) DEFAULT NULL,
  `Caps_for_Country` int(11) DEFAULT NULL,
  `IS_CAPTAIN` int(11) DEFAULT NULL
) ENGINE=InnoDB DEFAULT CHARSET=utf8mb4;

--
-- Dumping data for table `players`
--

INSERT INTO `players` (`Player_id`, `Name`, `Fname`, `Lname`, `DOB`, `Country`, `Height`, `Club`, `Position`, `Caps_for_Country`, `IS_CAPTAIN`) VALUES
(94918, 'FARYD MONDRAGON', 'FARYD', 'MONDRAGON', '1971-06-21', 'Columbia', 191, 'Deportivo Cali', 'Goalkeeper', 50, 0),
(159304, 'GIANLUIGI BUFFON', 'GIANLUIGI', 'BUFFON', '1978-01-28', 'Italy', 190, 'Juventus FC', 'Goalkeeper', 139, 0),
(168832, 'GEORGIOS KARAGOUNIS', 'GEORGIOS', 'KARAGOUNIS', '1977-03-06', 'Greece', 176, 'Fulham FC', 'Midfielder', 134, 0),
(175498, 'DAMARCUS BEASLEY', 'DAMARCUS', 'BEASLEY', '1982-05-24', 'USA', 170, 'Puebla FC', 'Defender', 115, 0),
(175546, 'ALFREDO TALAVERA', 'ALFREDO', 'TALAVERA', '1982-09-18', 'Mexico', 188, 'Deportivo Toluca FC', 'Goalkeeper', 14, 0),
(176971, 'DIDIER ZOKORA', 'DIDIER', 'ZOKORA', '1980-12-14', 'Ivory Coast', 183, 'Trabzonspor', 'Defender', 119, 0),
(177876, 'ANDREA PIRLO', 'ANDREA', 'PIRLO', '1979-05-19', 'Italy', 177, 'Juventus FC', 'Midfielder', 108, 0),
(177927, 'ANTONIO CASSANO', 'ANTONIO', 'CASSANO', '1982-07-12', 'Italy', 175, 'Parma FC', 'Forward', 36, 0),
(178842, 'EDISON MENDEZ', 'EDISON', 'MENDEZ', '1979-03-16', 'Ecuador', 175, 'Independiente Santa Fe', 'Midfielder', 110, 0),
(178958, 'BOUBACAR BARRY', 'BOUBACAR', 'BARRY', '1979-12-30', 'Ivory Coast', 180, 'KSC Lokeren', 'Goalkeeper', 76, 0),
(181698, 'ALDO RAMIREZ', 'ALDO', 'RAMIREZ', '1981-04-18', 'Columbia', 175, 'CA Monarcas Morelia', 'Midfielder', 29, 0),
(181951, 'BRAD DAVIS', 'BRAD', 'DAVIS', '1981-11-08', 'USA', 180, 'Houston Dynamo', 'Midfielder', 16, 0),
(182479, 'CHIGOZIE AGBIM', 'CHIGOZIE', 'AGBIM', '1984-11-28', 'Nigeria', 187, 'Enugu Rangers FC', 'Goalkeeper', 14, 0),
(182620, 'ALEX WILKINSON', 'ALEX', 'WILKINSON', '1984-08-13', 'Australia', 183, 'Jeonbuk Hyundai Motors FC', 'Defender', 2, 0),
(183796, 'CHRISTIAN BOLANOS', 'CHRISTIAN', 'BOLANOS', '1984-05-17', 'Costa Rica', 178, 'FC Kobenhavn', 'Midfielder', 54, 0),
(183857, 'ANDRES INIESTA', 'ANDRES', 'INIESTA', '1984-05-11', 'Spain', 170, 'FC Barcelona', 'Midfielder', 96, 0),
(183864, 'FERNANDO TORRES', 'FERNANDO', 'TORRES', '1984-03-20', 'Spain', 186, 'Chelsea FC', 'Forward', 107, 0),
(183882, 'HASSAN YEBDA', 'HASSAN', 'YEBDA', '1984-05-14', 'Algeria', 188, 'Udinese Calcio', 'Midfielder', 24, 0),
(184616, 'ARJEN ROBBEN', 'ARJEN', 'ROBBEN', '1984-01-23', 'Netherlands', 180, 'FC Bayern Muenchen', 'Forward', 74, 0),
(184856, 'AUSTINE EJIDE', 'AUSTINE', 'EJIDE', '1984-04-08', 'Nigeria', 186, 'Hapoel Beer Sheva FC', 'Goalkeeper', 31, 0),
(185359, 'DIEGO PEREZ', 'DIEGO', 'PEREZ', '1980-05-18', 'Uruguay', 176, 'Bologna FC', 'Midfielder', 89, 0),
(185385, 'FRANK LAMPARD', 'FRANK', 'LAMPARD', '1978-06-20', 'England', 181, 'Chelsea FC', 'Midfielder', 103, 0),
(186808, 'ALEKSANDR KERZHAKOV', 'ALEKSANDR', 'KERZHAKOV', '1982-11-27', 'Russia', 175, 'FC Zenit St. Petersburg', 'Forward', 80, 0),
(187203, 'HELDER POSTIGA', 'HELDER', 'POSTIGA', '1982-08-02', 'Portugal', 182, 'SS Lazio', 'Forward', 67, 0),
(189259, 'DIEGO FORLAN', 'DIEGO', 'FORLAN', '1979-05-19', 'Uruguay', 181, 'Cerezo Osaka', 'Forward', 109, 0),
(190962, 'DANI ALVES', 'DANI', 'ALVES', '1983-05-06', 'Brazil', 175, 'FC Barcelona', 'Defender', 74, 0),
(196633, 'DIEGO BENAGLIO', 'DIEGO', 'BENAGLIO', '1983-09-08', 'Switzerland', 195, 'VfL Wolfsburg', 'Goalkeeper', 57, 0),
(196752, 'BASTIAN SCHWEINSTEIGER', 'BASTIAN', 'SCHWEINSTEIGER', '1984-08-01', 'Germany', 183, 'FC Bayern Muenchen', 'Midfielder', 101, 0),
(196812, 'ASHKAN DEJAGAH', 'ASHKAN', 'DEJAGAH', '1986-07-05', 'Iran', 182, 'Fulham FC', 'Forward', 13, 0),
(197464, 'GLEN JOHNSON', 'GLEN', 'JOHNSON', '1984-08-23', 'England', 180, 'Liverpool FC', 'Defender', 51, 0),
(198117, 'EIJI KAWASHIMA', 'EIJI', 'KAWASHIMA', '1983-03-20', 'Japan', 185, 'Standard Liege', 'Goalkeeper', 56, 0),
(198243, 'ABEL AGUILAR', 'ABEL', 'AGUILAR', '1985-01-06', 'Columbia', 187, 'Toulouse FC', 'Midfielder', 48, 0),
(198489, 'ARTHUR BOKA', 'ARTHUR', 'BOKA', '1983-04-02', 'Ivory Coast', 166, 'VfB Stuttgart', 'Defender', 77, 0),
(199160, 'DANIEL CAMBRONERO', 'DANIEL', 'CAMBRONERO', '1986-01-08', 'Costa Rica', 181, 'CS Herediano', 'Goalkeeper', 2, 0),
(200130, 'EZEQUIEL GARAY', 'EZEQUIEL', 'GARAY', '1986-10-10', 'Argentina', 186, 'SL Benfica', 'Defender', 18, 0),
(200176, 'DAVID SILVA', 'DAVID', 'SILVA', '1986-01-08', 'Spain', 170, 'Manchester City FC', 'Midfielder', 79, 0),
(200179, 'CESC FABREGAS', 'CESC', 'FABREGAS', '1987-05-04', 'Spain', 175, 'FC Barcelona', 'Midfielder', 88, 0),
(200209, 'CRISTIAN ZAPATA', 'CRISTIAN', 'ZAPATA', '1986-09-30', 'Columbia', 187, 'AC Milan', 'Defender', 23, 0),
(200219, 'FREDY GUARIN', 'FREDY', 'GUARIN', '1986-06-30', 'Columbia', 187, 'FC Internazionale', 'Midfielder', 48, 0),
(200259, 'DANY NOUNKEU', 'DANY', 'NOUNKEU', '1986-04-11', 'Cameroon', 183, 'Besiktas JK', 'Defender', 15, 0),
(200261, 'ALEXANDRE SONG', 'ALEXANDRE', 'SONG', '1987-09-09', 'Cameroon', 183, 'FC Barcelona', 'Midfielder', 46, 0),
(200847, 'ADRIAN RAMOS', 'ADRIAN', 'RAMOS', '1986-01-22', 'Columbia', 184, 'Hertha BSC', 'Forward', 25, 0),
(201001, 'FERNANDO GAGO', 'FERNANDO', 'GAGO', '1986-04-10', 'Argentina', 178, 'CA Boca Juniors', 'Midfielder', 47, 0),
(201200, 'CRISTIANO RONALDO', 'CRISTIANO', 'RONALDO', '1985-02-05', 'Portugal', 185, 'Real Madrid CF', 'Forward', 110, 0),
(202544, 'ANTONIO VALENCIA', 'ANTONIO', 'VALENCIA', '1985-08-04', 'Ecuador', 180, 'Manchester United FC', 'Midfielder', 70, 0),
(202650, 'CLAUDIO BRAVO', 'CLAUDIO', 'BRAVO', '1983-04-13', 'Chile', 185, 'Real Sociedad', 'Goalkeeper', 79, 0),
(207851, 'CLINT DEMPSEY', 'CLINT', 'DEMPSEY', '1983-03-09', 'USA', 185, 'Seattle Sounders FC', 'Forward', 103, 0),
(208016, 'FERNANDINHO LUIZ ROZA', 'FERNANDINHO', 'LUIZ ROZA', '1985-05-04', 'Brazil', 179, 'Manchester City FC', 'Midfielder', 6, 0),
(208353, 'ASAMOAH GYAN', 'ASAMOAH', 'GYAN', '1985-11-22', 'Ghana', 186, 'Al Ain FC', 'Forward', 77, 0),
(209119, 'DANIELE DE ROSSI', 'DANIELE', 'DE ROSSI', '1983-07-24', 'Italy', 182, 'AS Roma', 'Midfielder', 94, 0),
(209168, 'EUGENE GALEKOVIC', 'EUGENE', 'GALEKOVIC', '1981-06-12', 'Australia', 186, 'Adelaide United FC', 'Goalkeeper', 8, 0),
(209960, 'FRANCISCO RODRIGUEZ', 'FRANCISCO', 'RODRIGUEZ', '1981-10-20', 'Mexico', 191, 'Club America', 'Defender', 92, 0),
(210213, 'BRUNO ALVES', 'BRUNO', 'ALVES', '1981-11-27', 'Portugal', 187, 'Fenerbahce SK', 'Defender', 71, 0),
(210702, 'DANIJEL PRANJIC', 'DANIJEL', 'PRANJIC', '1981-12-02', 'Croatia', 172, 'Panathinaikos FC', 'Defender', 49, 0),
(210704, 'DARIJO SRNA', 'DARIJO', 'SRNA', '1982-05-01', 'Croatia', 182, 'Shakhtar Donetsk', 'Defender', 111, 0),
(212306, 'DIDIER DROGBA', 'DIDIER', 'DROGBA', '1978-03-11', 'Ivory Coast', 180, 'Galatasaray SK', 'Forward', 100, 0),
(213124, 'AMIRHOSSEIN SADEGHI', 'AMIRHOSSEIN', 'SADEGHI', '1981-09-06', 'Iran', 185, 'Esteghlal Tehran FC', 'Defender', 14, 0),
(213871, 'DONIS ESCOBER', 'DONIS', 'ESCOBER', '1981-02-03', 'Honduras', 180, 'CD Olimpia', 'Goalkeeper', 20, 0),
(214377, 'ANDREA BARZAGLI', 'ANDREA', 'BARZAGLI', '1981-05-08', 'Italy', 186, 'Juventus FC', 'Defender', 47, 0),
(214384, 'EDUARDO DA SILVA', 'EDUARDO', 'DA SILVA', '1983-02-25', 'Croatia', 177, 'Shakhtar Donetsk', 'Forward', 62, 0),
(214404, 'BETO BASTOS', 'BETO', 'BASTOS', '1982-05-01', 'Portugal', 183, 'Sevilla FC', 'Goalkeeper', 7, 0),
(214876, 'BRYAN RUIZ', 'BRYAN', 'RUIZ', '1985-08-18', 'Costa Rica', 187, 'PSV Eindhoven', 'Forward', 62, 0),
(215274, 'GIORGIO CHIELLINI', 'GIORGIO', 'CHIELLINI', '1984-08-14', 'Italy', 192, 'Juventus FC', 'Defender', 67, 0),
(215285, 'GUILLERMO OCHOA', 'GUILLERMO', 'OCHOA', '1985-07-13', 'Mexico', 185, 'AC Ajaccio', 'Goalkeeper', 56, 0),
(215513, 'DIMITRIOS SALPINGIDIS', 'DIMITRIOS', 'SALPINGIDIS', '1981-08-18', 'Greece', 171, 'PAOK FC', 'Forward', 75, 0),
(215623, 'ALBERTO AQUILANI', 'ALBERTO', 'AQUILANI', '1984-07-07', 'Italy', 184, 'ACF Fiorentina', 'Midfielder', 34, 0),
(216006, 'ANTHONY VANDEN BORRE', 'ANTHONY', 'VANDEN BORRE', '1987-10-24', 'Belgium', 185, 'RSC Anderlecht', 'Defender', 25, 0),
(216069, 'EMIR SPAHIC', 'EMIR', 'SPAHIC', '1980-08-18', 'Bosnia & Herzegovina', 183, 'Bayer 04 Leverkusen', 'Defender', 74, 0),
(216435, 'ALEXANDER SAMEDOV', 'ALEXANDER', 'SAMEDOV', '1984-07-19', 'Russia', 178, 'FC Lokomotiv Moscow', 'Forward', 16, 0),
(216567, 'CRISTIAN RODRIGUEZ', 'CRISTIAN', 'RODRIGUEZ', '1985-09-30', 'Uruguay', 178, 'Atletico Madrid', 'Midfielder', 72, 0),
(216646, 'BLERIM DZEMAILI', 'BLERIM', 'DZEMAILI', '1986-04-12', 'Switzerland', 179, 'SSC Napoli', 'Midfielder', 34, 0),
(216650, 'GELSON FERNANDES', 'GELSON', 'FERNANDES', '1986-09-02', 'Switzerland', 179, 'SC Freiburg', 'Midfielder', 47, 0),
(216973, 'GERARD PIQUE', 'GERARD', 'PIQUE', '1987-02-02', 'Spain', 192, 'FC Barcelona', 'Defender', 60, 0),
(216990, 'CHARLES ITANDJE', 'CHARLES', 'ITANDJE', '1982-11-02', 'Cameroon', 185, 'Konyaspor', 'Goalkeeper', 9, 0),
(217117, 'CARLOS VALDES', 'CARLOS', 'VALDES', '1985-05-22', 'Columbia', 189, 'CA San Lorenzo de Almagro', 'Defender', 13, 0),
(217313, 'DIRK KUYT', 'DIRK', 'KUYT', '1980-07-22', 'Netherlands', 184, 'Fenerbahce SK', 'Forward', 98, 0),
(218253, 'CARLOS SALCIDO', 'CARLOS', 'SALCIDO', '1980-04-02', 'Mexico', 176, 'Tigres UANL', 'Defender', 120, 0),
(228351, 'ALEXANDROS TZIOLIS', 'ALEXANDROS', 'TZIOLIS', '1985-02-13', 'Greece', 190, 'Kayserispor', 'Midfielder', 49, 0),
(228624, 'CRISTOPHER TOSELLI', 'CRISTOPHER', 'TOSELLI', '1988-06-15', 'Chile', 181, 'CD Universidad Catolica', 'Goalkeeper', 4, 0),
(228627, 'ALEXIS SANCHEZ', 'ALEXIS', 'SANCHEZ', '1988-12-19', 'Chile', 169, 'FC Barcelona', 'Forward', 66, 0),
(228686, 'DAVID OSPINA', 'DAVID', 'OSPINA', '1988-08-31', 'Columbia', 183, 'OGC Nice', 'Goalkeeper', 43, 0),
(228691, 'ALEXANDER MEJIA', 'ALEXANDER', 'MEJIA', '1988-07-11', 'Columbia', 179, 'Atletico Nacional', 'Midfielder', 8, 0),
(228715, 'FELIPE CAICEDO', 'FELIPE', 'CAICEDO', '1988-09-05', 'Ecuador', 183, 'Al Jazira SCC', 'Forward', 49, 0),
(228942, 'ALESSIO CERCI', 'ALESSIO', 'CERCI', '1987-07-23', 'Italy', 177, 'Torino FC', 'Forward', 11, 0),
(229392, 'EZEQUIEL LAVEZZI', 'EZEQUIEL', 'LAVEZZI', '1985-05-03', 'Argentina', 173, 'Paris Saint-Germain FC', 'Forward', 29, 0),
(229436, 'CARLOS CARMONA', 'CARLOS', 'CARMONA', '1987-02-21', 'Chile', 179, 'Atalanta Bergamo', 'Midfielder', 44, 0),
(229439, 'GONZALO JARA', 'GONZALO', 'JARA', '1985-08-29', 'Chile', 177, 'Nottingham Forest FC', 'Defender', 65, 0),
(229450, 'GABRIEL ACHILIER', 'GABRIEL', 'ACHILIER', '1985-03-24', 'Ecuador', 183, 'CS Emelec', 'Defender', 22, 0),
(229498, 'FERNANDO MUSLERA', 'FERNANDO', 'MUSLERA', '1986-06-16', 'Uruguay', 190, 'Galatasaray SK', 'Goalkeeper', 57, 0),
(229499, 'DIEGO GODIN', 'DIEGO', 'GODIN', '1986-02-16', 'Uruguay', 185, 'Atletico Madrid', 'Defender', 76, 0),
(229502, 'ALVARO PEREIRA', 'ALVARO', 'PEREIRA', '1985-11-28', 'Uruguay', 182, 'Sao Paulo FC', 'Midfielder', 56, 0),
(229506, 'CRISTHIAN STUANI', 'CRISTHIAN', 'STUANI', '1986-10-12', 'Uruguay', 186, 'RCD Espanyol', 'Forward', 9, 0),
(229884, 'DAVID VILLA', 'DAVID', 'VILLA', '1981-12-03', 'Spain', 175, 'Atletico Madrid', 'Forward', 95, 0),
(230117, 'EMILIO IZAGUIRRE', 'EMILIO', 'IZAGUIRRE', '1986-05-10', 'Honduras', 177, 'Celtic FC', 'Midfielder', 65, 0),
(230121, 'ASMIR BEGOVIC', 'ASMIR', 'BEGOVIC', '1987-06-20', 'Bosnia & Herzegovina', 198, 'Stoke City FC', 'Goalkeeper', 30, 0),
(233167, 'HARIS MEDUNJANIN', 'HARIS', 'MEDUNJANIN', '1985-03-08', 'Bosnia & Herzegovina', 188, 'Gaziantepspor', 'Midfielder', 35, 0),
(233333, 'GABRIEL PALETTA', 'GABRIEL', 'PALETTA', '1986-02-15', 'Italy', 187, 'Parma FC', 'Defender', 2, 0),
(233952, 'FRED CHAVES GUEDES', 'FRED', 'CHAVES GUEDES', '1983-10-03', 'Brazil', 186, 'Fluminense FC', 'Forward', 32, 0),
(234551, 'GIOVANI DOS SANTOS', 'GIOVANI', 'DOS SANTOS', '1989-05-11', 'Mexico', 179, 'Villarreal CF', 'Forward', 73, 0),
(236530, 'CELSO BORGES', 'CELSO', 'BORGES', '1988-05-27', 'Costa Rica', 184, 'AIK Solna', 'Midfielder', 61, 0),
(237071, 'BONIEK GARCIA', 'BONIEK', 'GARCIA', '1984-09-04', 'Honduras', 176, 'Houston Dynamo', 'Midfielder', 90, 0),
(237949, 'ANDRANIK TIMOTIAN', 'ANDRANIK', 'TIMOTIAN', '1983-03-06', 'Iran', 178, 'Esteghlal Tehran FC', 'Midfielder', 77, 0),
(238112, 'HECTOR MORENO', 'HECTOR', 'MORENO', '1988-01-17', 'Mexico', 182, 'RCD Espanyol', 'Defender', 52, 0),
(239237, 'CARL MEDJANI', 'CARL', 'MEDJANI', '1985-05-15', 'Algeria', 180, 'Valenciennes FC', 'Defender', 25, 0),
(239433, 'DIEGO LUGANO', 'DIEGO', 'LUGANO', '1980-11-02', 'Uruguay', 188, 'West Bromwich Albion FC', 'Defender', 93, 0),
(240718, 'CONSTANT DJAKPA', 'CONSTANT', 'DJAKPA', '1986-10-17', 'Ivory Coast', 177, 'Eintracht Frankfurt', 'Defender', 4, 0),
(248373, 'FRANCK RIBERY', 'FRANCK', 'RIBERY', '1983-04-07', 'France', 175, 'FC Bayern Muenchen', 'Forward', 81, 0),
(251352, 'ANDRES GUARDADO', 'ANDRES', 'GUARDADO', '1986-09-28', 'Mexico', 167, 'Bayer 04 Leverkusen', 'Defender', 101, 0),
(253999, 'BEN FOSTER', 'BEN', 'FOSTER', '1983-04-03', 'England', 193, 'West Bromwich Albion FC', 'Goalkeeper', 6, 0),
(254141, 'BACARY SAGNA', 'BACARY', 'SAGNA', '1983-02-14', 'France', 175, 'Arsenal FC', 'Defender', 40, 0),
(261029, 'GOKHAN INLER', 'GOKHAN', 'INLER', '1984-06-27', 'Switzerland', 181, 'SSC Napoli', 'Midfielder', 73, 0),
(266800, 'ANGEL DI MARIA', 'ANGEL', 'DI MARIA', '1988-02-14', 'Argentina', 178, 'Real Madrid CF', 'Midfielder', 45, 0),
(267527, 'GARY MEDEL', 'GARY', 'MEDEL', '1987-08-03', 'Chile', 171, 'Cardiff City FC', 'Defender', 60, 0),
(267543, 'ARTURO VIDAL', 'ARTURO', 'VIDAL', '1987-05-22', 'Chile', 178, 'Juventus FC', 'Midfielder', 53, 0),
(267834, 'EDINSON CAVANI', 'EDINSON', 'CAVANI', '1987-02-14', 'Uruguay', 188, 'Paris Saint-Germain FC', 'Forward', 61, 0),
(268474, 'ATSUTO UCHIDA', 'ATSUTO', 'UCHIDA', '1988-03-27', 'Japan', 176, 'FC Schalke 04', 'Defender', 67, 0),
(268821, 'GIANCARLO GONZALEZ', 'GIANCARLO', 'GONZALEZ', '1988-02-08', 'Costa Rica', 192, 'Columbus Crew', 'Defender', 34, 0),
(269071, 'DANIEL OPARE', 'DANIEL', 'OPARE', '1990-10-18', 'Ghana', 172, 'Standard Liege', 'Defender', 16, 0),
(269784, 'FABIO COENTRAO', 'FABIO', 'COENTRAO', '1988-03-11', 'Portugal', 181, 'Real Madrid CF', 'Defender', 43, 0),
(269859, 'DAVID DE GEA', 'DAVID', 'DE GEA', '1990-11-07', 'Spain', 190, 'Manchester United FC', 'Goalkeeper', 0, 0),
(270301, 'EDUARDO VARGAS', 'EDUARDO', 'VARGAS', '1989-11-20', 'Chile', 175, 'Valencia CF', 'Forward', 29, 0),
(270948, 'CESAR AZPILICUETA', 'CESAR', 'AZPILICUETA', '1989-08-28', 'Spain', 178, 'Chelsea FC', 'Midfielder', 6, 0),
(271043, 'DAVID LUIZ', 'DAVID', 'LUIZ', '1987-04-22', 'Brazil', 189, 'Chelsea FC', 'Defender', 35, 0),
(271414, 'CARLO COSTLY', 'CARLO', 'COSTLY', '1982-07-18', 'Honduras', 190, 'Real Espana', 'Forward', 68, 0),
(271550, 'GONZALO HIGUAIN', 'GONZALO', 'HIGUAIN', '1987-12-10', 'Argentina', 184, 'SSC Napoli', 'Forward', 36, 0),
(273291, 'EFE AMBROSE', 'EFE', 'AMBROSE', '1988-10-18', 'Nigeria', 190, 'Celtic FC', 'Defender', 36, 0),
(273996, 'EDEN HAZARD', 'EDEN', 'HAZARD', '1991-01-07', 'Belgium', 172, 'Chelsea FC', 'Midfielder', 45, 0),
(274034, 'DANNY WELBECK', 'DANNY', 'WELBECK', '1990-11-26', 'England', 184, 'Manchester United FC', 'Forward', 22, 0),
(274329, 'HAN KOOKYOUNG', 'HAN', 'KOOKYOUNG', '1990-04-19', 'South Korea', 183, 'Kashiwa Reysol', 'Midfielder', 9, 0),
(274703, 'AGUSTIN ORION', 'AGUSTIN', 'ORION', '1981-07-26', 'Argentina', 190, 'CA Boca Juniors', 'Goalkeeper', 3, 0),
(274946, 'EMMANUEL AGYEMANG BADU', 'EMMANUEL', 'AGYEMANG BADU', '1990-12-02', 'Ghana', 173, 'Udinese Calcio', 'Midfielder', 47, 0),
(276139, 'BRAD GUZAN', 'BRAD', 'GUZAN', '1984-09-09', 'USA', 193, 'Aston Villa FC', 'Goalkeeper', 25, 0),
(278732, 'AURELIEN CHEDJOU', 'AURELIEN', 'CHEDJOU', '1985-06-20', 'Cameroon', 185, 'Galatasaray SK', 'Defender', 29, 0),
(279417, 'CRISTHIAN NOBOA', 'CRISTHIAN', 'NOBOA', '1985-04-09', 'Ecuador', 181, 'FC Dynamo Moscow', 'Midfielder', 41, 0),
(280487, 'CARLOS SANCHEZ', 'CARLOS', 'SANCHEZ', '1986-02-06', 'Columbia', 182, 'Elche CF', 'Midfielder', 43, 0),
(281252, 'FABIAN ORELLANA', 'FABIAN', 'ORELLANA', '1986-01-27', 'Chile', 168, 'Celta Vigo', 'Forward', 25, 0),
(286238, 'EGIDIO AREVALO', 'EGIDIO', 'AREVALO', '1982-01-01', 'Uruguay', 168, 'CA Monarcas Morelia', 'Midfielder', 54, 0),
(286259, 'ALVARO GONZALEZ', 'ALVARO', 'GONZALEZ', '1984-10-29', 'Uruguay', 175, 'SS Lazio', 'Midfielder', 42, 0),
(288961, 'EHSAN HAJI SAFI', 'EHSAN', 'HAJI SAFI', '1990-02-25', 'Iran', 177, 'Sepahan FC', 'Midfielder', 58, 0),
(290186, 'GERVINHO YAO KOUASSI', 'GERVINHO', 'YAO KOUASSI', '1987-05-27', 'Ivory Coast', 179, 'AS Roma', 'Forward', 52, 0),
(290800, 'DARIO VIDOSIC', 'DARIO', 'VIDOSIC', '1987-04-08', 'Australia', 185, 'FC Sion', 'Midfielder', 22, 0),
(290821, 'AXEL WITSEL', 'AXEL', 'WITSEL', '1989-01-12', 'Belgium', 183, 'FC Zenit St. Petersburg', 'Midfielder', 48, 0),
(294620, 'ANDRE AYEW', 'ANDRE', 'AYEW', '1989-12-17', 'Ghana', 175, 'Olympique Marseille', 'Midfielder', 47, 0),
(294626, 'HARRISON AFFUL', 'HARRISON', 'AFFUL', '1986-07-24', 'Ghana', 168, 'Esperance Sportive de Tunis', 'Defender', 40, 0),
(295153, 'AHMAD ALNAMEH', 'AHMAD', 'ALNAMEH', '1982-10-20', 'Iran', 189, 'Naft Tehran FC', 'Defender', 9, 0),
(295157, 'HASHEM BEIKZADEH', 'HASHEM', 'BEIKZADEH', '1984-01-22', 'Iran', 180, 'Esteghlal Tehran FC', 'Midfielder', 17, 0),
(296118, 'BENJAMIN MOUKANDJO', 'BENJAMIN', 'MOUKANDJO', '1988-11-12', 'Cameroon', 178, 'AS Nancy', 'Forward', 16, 0),
(296273, 'ALEJANDRO BEDOYA', 'ALEJANDRO', 'BEDOYA', '1987-04-29', 'USA', 178, 'FC Nantes', 'Midfielder', 26, 0),
(296312, 'EDDER DELGADO', 'EDDER', 'DELGADO', '1986-11-20', 'Honduras', 179, 'Real Espana', 'Midfielder', 26, 0),
(296994, 'EL ARABI SOUDANI', 'EL', 'ARABI SOUDANI', '1987-11-25', 'Algeria', 177, 'GNK Dinamo Zagreb', 'Forward', 21, 0),
(297112, 'GEORGIOS SAMARAS', 'GEORGIOS', 'SAMARAS', '1985-02-21', 'Greece', 192, 'Celtic FC', 'Forward', 73, 0),
(298613, 'HENRIQUE ADRIANO BUSS', 'HENRIQUE', 'ADRIANO BUSS', '1986-10-14', 'Brazil', 186, 'SSC Napoli', 'Defender', 5, 0),
(298662, 'ANTONIO CANDREVA', 'ANTONIO', 'CANDREVA', '1987-02-28', 'Italy', 180, 'SS Lazio', 'Midfielder', 19, 0),
(298664, 'CLAUDIO MARCHISIO', 'CLAUDIO', 'MARCHISIO', '1986-01-19', 'Italy', 179, 'Juventus FC', 'Midfielder', 43, 0),
(298676, 'HA DAESUNG', 'HA', 'DAESUNG', '1985-03-02', 'South Korea', 182, 'Beijing Guoan', 'Midfielder', 13, 0),
(298892, 'AUGUSTO FERNANDEZ', 'AUGUSTO', 'FERNANDEZ', '1986-04-10', 'Argentina', 177, 'Celta Vigo', 'Midfielder', 7, 0),
(299066, 'EDUARDO CARVALHO', 'EDUARDO', 'CARVALHO', '1982-09-19', 'Portugal', 187, 'Sporting Braga', 'Goalkeeper', 33, 0),
(299887, 'DANIJEL SUBASIC', 'DANIJEL', 'SUBASIC', '1984-10-27', 'Croatia', 191, 'AS Monaco', 'Goalkeeper', 6, 0),
(299896, 'DOMAGOJ VIDA', 'DOMAGOJ', 'VIDA', '1989-04-29', 'Croatia', 184, 'FC Dynamo Kyiv', 'Defender', 22, 0),
(300237, 'DMITRY KOMBAROV', 'DMITRY', 'KOMBAROV', '1987-01-22', 'Russia', 182, 'FC Spartak Moscow', 'Defender', 22, 0),
(300409, 'EDIN DZEKO', 'EDIN', 'DZEKO', '1986-03-17', 'Bosnia & Herzegovina', 192, 'Manchester City FC', 'Forward', 62, 0),
(302539, 'ALAN DZAGOEV', 'ALAN', 'DZAGOEV', '1990-06-17', 'Russia', 178, 'CSKA Moscow', 'Midfielder', 32, 0),
(303394, 'CARLOS PENA', 'CARLOS', 'PENA', '1990-03-29', 'Mexico', 176, 'Club Leon', 'Midfielder', 14, 0),
(303419, 'ALEXANDER DOMINGUEZ', 'ALEXANDER', 'DOMINGUEZ', '1987-06-05', 'Ecuador', 196, 'LDU Quito', 'Goalkeeper', 18, 0),
(305372, 'ABEL HERNANDEZ', 'ABEL', 'HERNANDEZ', '1990-08-08', 'Uruguay', 186, 'US Citta di Palermo', 'Forward', 12, 0),
(305764, 'GARY CAHILL', 'GARY', 'CAHILL', '1985-12-19', 'England', 191, 'Chelsea FC', 'Defender', 23, 0),
(306180, 'BENOIT ASSOU EKOTTO', 'BENOIT', 'ASSOU EKOTTO', '1984-03-24', 'Cameroon', 178, 'Queens Park Rangers FC', 'Defender', 21, 0),
(306532, 'DANIEL STURRIDGE', 'DANIEL', 'STURRIDGE', '1989-09-01', 'England', 179, 'Liverpool FC', 'Forward', 11, 0),
(306548, 'ANDRE SCHUERRLE', 'ANDRE', 'SCHUERRLE', '1990-11-06', 'Germany', 184, 'Chelsea FC', 'Forward', 32, 0),
(306780, 'CIRO IMMOBILE', 'CIRO', 'IMMOBILE', '1990-02-20', 'Italy', 184, 'Torino FC', 'Forward', 2, 0),
(307026, 'CRISTIAN GAMBOA', 'CRISTIAN', 'GAMBOA', '1989-10-24', 'Costa Rica', 175, 'Rosenborg BK', 'Defender', 25, 0),
(308082, 'DIEGO REYES', 'DIEGO', 'REYES', '1992-09-19', 'Mexico', 189, 'FC Porto', 'Defender', 14, 0),
(310048, 'ENOH EYONG', 'ENOH', 'EYONG', '1986-03-23', 'Cameroon', 180, 'Antalyaspor AS', 'Midfielder', 35, 0),
(311148, 'BENEDIKT HOEWEDES', 'BENEDIKT', 'HOEWEDES', '1988-02-29', 'Germany', 187, 'FC Schalke 04', 'Defender', 20, 0),
(311174, 'FABIAN JOHNSON', 'FABIAN', 'JOHNSON', '1987-12-11', 'USA', 182, 'TSG 1899 Hoffenheim', 'Defender', 21, 0),
(311554, 'HARIS SEFEROVIC', 'HARIS', 'SEFEROVIC', '1992-02-22', 'Switzerland', 187, 'Real Sociedad', 'Forward', 11, 0),
(311558, 'GRANIT XHAKA', 'GRANIT', 'XHAKA', '1992-09-27', 'Switzerland', 183, 'Borussia Moenchengladbach', 'Midfielder', 26, 0),
(312116, 'GASTON RAMIREZ', 'GASTON', 'RAMIREZ', '1990-12-02', 'Uruguay', 183, 'Southampton FC', 'Midfielder', 28, 0),
(312316, 'ERIC CHOUPO MOTING', 'ERIC', 'CHOUPO MOTING', '1989-03-23', 'Cameroon', 190, 'FSV Mainz 05', 'Forward', 26, 0),
(312432, 'DEJAN LOVREN', 'DEJAN', 'LOVREN', '1989-07-05', 'Croatia', 188, 'Southampton FC', 'Defender', 24, 0),
(313805, 'HEINER MORA', 'HEINER', 'MORA', '1984-06-20', 'Costa Rica', 179, 'Deportivo Saprissa', 'Defender', 21, 0),
(313874, 'ESTEBAN PAREDES', 'ESTEBAN', 'PAREDES', '1980-08-01', 'Chile', 179, 'CSD Colo-Colo', 'Forward', 34, 0),
(316997, 'ENZO PEREZ', 'ENZO', 'PEREZ', '1986-02-22', 'Argentina', 177, 'SL Benfica', 'Midfielder', 6, 0),
(317072, 'HENRI BEDIMO', 'HENRI', 'BEDIMO', '1984-06-04', 'Cameroon', 176, 'Olympique Lyonnais', 'Defender', 30, 0),
(318034, 'FEDERICO FERNANDEZ', 'FEDERICO', 'FERNANDEZ', '1989-02-21', 'Argentina', 190, 'SSC Napoli', 'Defender', 24, 0),
(318150, 'CHARLES ARANGUIZ', 'CHARLES', 'ARANGUIZ', '1989-04-17', 'Chile', 171, 'SC Internacional', 'Midfielder', 20, 0),
(319298, 'GEORGIOS TZAVELAS', 'GEORGIOS', 'TZAVELAS', '1987-11-26', 'Greece', 183, 'PAOK FC', 'Defender', 13, 0),
(319340, 'ELIAQUIM MANGALA', 'ELIAQUIM', 'MANGALA', '1991-02-13', 'France', 188, 'FC Porto', 'Defender', 3, 0),
(319428, 'DARYL JANMAAT', 'DARYL', 'JANMAAT', '1989-07-22', 'Netherlands', 186, 'Feyenoord Rotterdam', 'Defender', 15, 0),
(319432, 'DALEY BLIND', 'DALEY', 'BLIND', '1990-03-09', 'Netherlands', 180, 'AFC Ajax', 'Defender', 11, 0),
(319438, 'GEORGINIO WIJNALDUM', 'GEORGINIO', 'WIJNALDUM', '1990-11-11', 'Netherlands', 175, 'PSV Eindhoven', 'Midfielder', 4, 0),
(321736, 'GOTOKU SAKAI', 'GOTOKU', 'SAKAI', '1991-03-14', 'Japan', 176, 'VfB Stuttgart', 'Defender', 12, 0),
(321971, 'GEOFF CAMERON', 'GEOFF', 'CAMERON', '1985-07-11', 'USA', 190, 'Stoke City FC', 'Defender', 26, 0),
(323339, 'DJAMEL MESBAH', 'DJAMEL', 'MESBAH', '1984-10-09', 'Algeria', 179, 'AS Livorno', 'Defender', 26, 0),
(329092, 'HECTOR HERRERA', 'HECTOR', 'HERRERA', '1990-04-19', 'Mexico', 180, 'FC Porto', 'Midfielder', 12, 0),
(329737, 'GHASEM HADADIFAR', 'GHASEM', 'HADADIFAR', '1983-07-12', 'Iran', 178, 'Zob Ahan Isfahan FC', 'Midfielder', 16, 0),
(330693, 'ANDY NAJAR', 'ANDY', 'NAJAR', '1993-03-16', 'Honduras', 170, 'RSC Anderlecht', 'Midfielder', 17, 0),
(332293, 'GIOVANNI SIO', 'GIOVANNI', 'SIO', '1989-03-31', 'Ivory Coast', 180, 'FC Basel', 'Forward', 7, 0),
(332827, 'CARLOS GRUEZO', 'CARLOS', 'GRUEZO', '1995-04-19', 'Ecuador', 171, 'VfB Stuttgart', 'Midfielder', 2, 0),
(336434, 'CLEMENT GRENIER', 'CLEMENT', 'GRENIER', '1991-01-07', 'France', 186, 'Olympique Lyonnais', 'Midfielder', 5, 0),
(336435, 'ANTOINE GRIEZMANN', 'ANTOINE', 'GRIEZMANN', '1991-03-21', 'France', 175, 'Real Sociedad', 'Forward', 3, 0),
(336722, 'ALAN PULIDO', 'ALAN', 'PULIDO', '1991-03-08', 'Mexico', 176, 'Tigres UANL', 'Forward', 5, 0),
(336791, 'EDGAR SALLI', 'EDGAR', 'SALLI', '1992-08-17', 'Cameroon', 163, 'RC Lens', 'Midfielder', 8, 0),
(336837, 'DIEGO CALVO', 'DIEGO', 'CALVO', '1991-03-25', 'Costa Rica', 178, 'Valerenga IF', 'Midfielder', 9, 0),
(336869, 'ALEX IBARRA', 'ALEX', 'IBARRA', '1991-01-20', 'Ecuador', 171, 'Vitesse Arnheim', 'Midfielder', 17, 0),
(339508, 'CHRIS WONDOLOWSKI', 'CHRIS', 'WONDOLOWSKI', '1983-01-28', 'USA', 182, 'San Jose Earthquakes', 'Forward', 19, 0),
(339551, 'BRAYAN BECKELES', 'BRAYAN', 'BECKELES', '1985-11-28', 'Honduras', 186, 'CD Olimpia', 'Defender', 23, 0),
(344714, 'AHMED MUSA', 'AHMED', 'MUSA', '1992-10-14', 'Nigeria', 176, 'CSKA Moscow', 'Forward', 37, 0),
(346731, 'BAKHTIAR RAHMANI', 'BAKHTIAR', 'RAHMANI', '1991-09-23', 'Iran', 179, 'Foolad Khuzestan FC', 'Midfielder', 3, 0),
(346763, 'ALIREZA HAGHIGHI', 'ALIREZA', 'HAGHIGHI', '1988-05-02', 'Iran', 193, 'Sporting Covilha', 'Goalkeeper', 4, 0),
(349512, 'CARLOS BACCA', 'CARLOS', 'BACCA', '1986-09-08', 'Columbia', 181, 'Sevilla FC', 'Forward', 10, 0),
(349568, 'ADRIAN BONE', 'ADRIAN', 'BONE', '1988-09-08', 'Ecuador', 188, 'CD El Nacional', 'Goalkeeper', 3, 0),
(349578, 'FRICKSON ERAZO', 'FRICKSON', 'ERAZO', '1988-05-05', 'Ecuador', 189, 'CR Flamengo', 'Defender', 36, 0),
(349582, 'FRANCISCO SILVA', 'FRANCISCO', 'SILVA', '1986-02-11', 'Chile', 178, 'CA Osasuna', 'Midfielder', 11, 0),
(349588, 'FELIPE GUTIERREZ', 'FELIPE', 'GUTIERREZ', '1990-10-08', 'Chile', 175, 'FC Twente', 'Midfielder', 17, 0),
(349592, 'EUGENIO MENA', 'EUGENIO', 'MENA', '1988-07-18', 'Chile', 174, 'Santos FC', 'Defender', 24, 0),
(353237, 'ADAM KWARASEY', 'ADAM', 'KWARASEY', '1987-12-12', 'Ghana', 190, 'Stromsgodset IF', 'Goalkeeper', 21, 0),
(354875, 'ABDELMOUMENE DJABOU', 'ABDELMOUMENE', 'DJABOU', '1987-01-31', 'Algeria', 168, 'Club Africain', 'Forward', 7, 0),
(355023, 'ALLAN NYOM', 'ALLAN', 'NYOM', '1988-05-10', 'Cameroon', 170, 'Granada CF', 'Defender', 9, 0),
(355997, 'CHRISTIAN ATSU', 'CHRISTIAN', 'ATSU', '1992-01-10', 'Ghana', 165, 'Vitesse Arnheim', 'Midfielder', 22, 0),
(356162, 'ESSEID BELKALEM', 'ESSEID', 'BELKALEM', '1989-01-01', 'Algeria', 190, 'Watford FC', 'Defender', 13, 0),
(356166, 'CEDRIC SI MOHAMMED', 'CEDRIC', 'SI MOHAMMED', '1985-01-09', 'Algeria', 182, 'CS Constantine', 'Goalkeeper', 1, 0),
(356198, 'ALEX OXLADE CHAMBERLAIN', 'ALEX', 'OXLADE CHAMBERLAIN', '1993-08-15', 'England', 180, 'Arsenal FC', 'Midfielder', 14, 0),
(356409, 'ADMIR MEHMEDI', 'ADMIR', 'MEHMEDI', '1991-03-16', 'Switzerland', 183, 'SC Freiburg', 'Forward', 21, 0),
(356411, 'FABIAN SCHAER', 'FABIAN', 'SCHAER', '1991-12-20', 'Switzerland', 186, 'FC Basel', 'Defender', 6, 0),
(356459, 'GODFREY OBOABONA', 'GODFREY', 'OBOABONA', '1990-09-16', 'Nigeria', 183, 'Caykur Rizespor', 'Defender', 34, 0),
(356669, 'BERNARD DUARTE', 'BERNARD', 'DUARTE', '1992-09-08', 'Brazil', 166, 'Shakhtar Donetsk', 'Forward', 10, 0),
(356711, 'AZUBUIKE EGWUEKWE', 'AZUBUIKE', 'EGWUEKWE', '1989-07-16', 'Nigeria', 195, 'Warri Wolves FC', 'Defender', 31, 0),
(356748, 'CHRIS SMALLING', 'CHRIS', 'SMALLING', '1989-11-22', 'England', 194, 'Manchester United FC', 'Defender', 11, 0),
(357990, 'GORDON SCHILDENFELD', 'GORDON', 'SCHILDENFELD', '1985-03-18', 'Croatia', 191, 'Panathinaikos FC', 'Defender', 21, 0),
(358014, 'BLAISE MATUIDI', 'BLAISE', 'MATUIDI', '1987-04-09', 'France', 175, 'Paris Saint-Germain FC', 'Midfielder', 22, 0),
(358048, 'ALEXANDER KOKORIN', 'ALEXANDER', 'KOKORIN', '1991-03-19', 'Russia', 182, 'FC Dynamo Moscow', 'Forward', 21, 0),
(358049, 'DENIS GLUSHAKOV', 'DENIS', 'GLUSHAKOV', '1987-01-27', 'Russia', 182, 'FC Spartak Moscow', 'Midfielder', 26, 0),
(358097, 'ASMIR AVDUKIC', 'ASMIR', 'AVDUKIC', '1981-05-13', 'Bosnia & Herzegovina', 190, 'FK Borac Banja Luka', 'Goalkeeper', 3, 0),
(358114, 'DRIES MERTENS', 'DRIES', 'MERTENS', '1987-05-06', 'Belgium', 164, 'SSC Napoli', 'Midfielder', 24, 0),
(358736, 'BRUNO MARTINS INDI', 'BRUNO', 'MARTINS INDI', '1992-02-08', 'Netherlands', 186, 'Feyenoord Rotterdam', 'Defender', 15, 0),
(358869, 'GEORGY SHCHENNIKOV', 'GEORGY', 'SHCHENNIKOV', '1991-04-27', 'Russia', 179, 'CSKA Moscow', 'Defender', 3, 0),
(358881, 'ALEXEY IONOV', 'ALEXEY', 'IONOV', '1989-02-18', 'Russia', 178, 'FC Dynamo Moscow', 'Forward', 5, 0),
(358893, 'ANDREY ESHCHENKO', 'ANDREY', 'ESHCHENKO', '1984-02-09', 'Russia', 177, 'FC Anzhi Makhachkala', 'Defender', 11, 0),
(359436, 'EDER LOPES', 'EDER', 'LOPES', '1987-12-22', 'Portugal', 190, 'Sporting Braga', 'Forward', 7, 0),
(359997, 'AVDIJA VRSAJEVIC', 'AVDIJA', 'VRSAJEVIC', '1986-03-06', 'Bosnia & Herzegovina', 182, 'HNK Hajduk Split', 'Midfielder', 13, 0),
(360642, 'CAMILO VARGAS', 'CAMILO', 'VARGAS', '1989-03-09', 'Columbia', 185, 'Independiente Santa Fe', 'Goalkeeper', 0, 0),
(360728, 'GRAHAM ZUSI', 'GRAHAM', 'ZUSI', '1986-08-18', 'USA', 177, 'Sporting Kansas City', 'Midfielder', 22, 0),
(361222, 'ADAM LALLANA', 'ADAM', 'LALLANA', '1988-05-10', 'England', 179, 'Southampton FC', 'Midfielder', 4, 0),
(362649, 'ANDREAS SAMARIS', 'ANDREAS', 'SAMARIS', '1989-06-13', 'Greece', 190, 'Olympiacos Piraeus FC', 'Midfielder', 4, 0),
(362881, 'FRASER FORSTER', 'FRASER', 'FORSTER', '1988-03-17', 'England', 201, 'Celtic FC', 'Goalkeeper', 1, 0),
(364088, 'FAOUZI GHOULAM', 'FAOUZI', 'GHOULAM', '1991-02-01', 'Algeria', 184, 'SSC Napoli', 'Defender', 5, 0),
(364707, 'ALBERT ADOMAH', 'ALBERT', 'ADOMAH', '1987-12-13', 'Ghana', 162, 'Middlesbrough FC', 'Midfielder', 14, 0),
(364763, 'EMMANUEL EMENIKE', 'EMMANUEL', 'EMENIKE', '1987-05-10', 'Nigeria', 182, 'Fenerbahce SK', 'Forward', 22, 0),
(365747, 'EDIN VISCA', 'EDIN', 'VISCA', '1990-02-17', 'Bosnia & Herzegovina', 172, 'Istanbul BBSK', 'Forward', 10, 0),
(367347, 'ARON JOHANNSSON', 'ARON', 'JOHANNSSON', '1990-11-10', 'USA', 182, 'AZ Alkmaar', 'Forward', 8, 0),
(367396, 'FABRICE OLINGA', 'FABRICE', 'OLINGA', '1996-05-12', 'Cameroon', 177, 'SV Zulte Waregem', 'Forward', 7, 0),
(367555, 'DIE SEREY', 'DIE', 'SEREY', '1984-11-07', 'Ivory Coast', 179, 'FC Basel', 'Midfielder', 6, 0),
(367913, 'DANTE SANTOS', 'DANTE', 'SANTOS', '1983-10-18', 'Brazil', 189, 'FC Bayern Muenchen', 'Defender', 12, 0),
(367920, 'DIEGO COSTA', 'DIEGO', 'COSTA', '1988-10-07', 'Spain', 188, 'Atletico Madrid', 'Forward', 3, 0),
(368009, 'EBENEZER ODUNLAMI', 'EBENEZER', 'ODUNLAMI', '1991-04-30', 'Nigeria', 187, 'Sunshine Stars FC', 'Defender', 11, 0),
(368902, 'ADAM TAGGART', 'ADAM', 'TAGGART', '1993-06-02', 'Australia', 172, 'Newcastle United Jets FC', 'Forward', 4, 0),
(368973, 'DEANDRE YEDLIN', 'DEANDRE', 'YEDLIN', '1993-07-09', 'USA', 175, 'Seattle Sounders FC', 'Defender', 4, 0),
(369058, 'ANTE REBIC', 'ANTE', 'REBIC', '1993-09-21', 'Croatia', 185, 'ACF Fiorentina', 'Forward', 4, 0),
(369546, 'EDER BALANTA', 'EDER', 'BALANTA', '1993-02-28', 'Columbia', 181, 'CA River Plate', 'Defender', 2, 0),
(369983, 'ALEKSEI KOZLOV', 'ALEKSEI', 'KOZLOV', '1986-12-25', 'Russia', 185, 'FC Dynamo Moscow', 'Defender', 10, 0),
(372989, 'ERMIN BICAKCIC', 'ERMIN', 'BICAKCIC', '1990-01-24', 'Bosnia & Herzegovina', 185, 'Eintracht Braunschweig', 'Defender', 7, 0),
(373400, 'ENNER VALENCIA', 'ENNER', 'VALENCIA', '1989-11-04', 'Ecuador', 179, 'CF Pachuca', 'Forward', 9, 0),
(374529, 'ANEL HADZIC', 'ANEL', 'HADZIC', '1989-08-16', 'Bosnia & Herzegovina', 184, 'SK Sturm Graz', 'Midfielder', 2, 0),
(375453, 'ANDRE ALMEIDA', 'ANDRE', 'ALMEIDA', '1990-09-10', 'Portugal', 185, 'SL Benfica', 'Defender', 3, 0),
(375459, 'FIDEL MARTINEZ', 'FIDEL', 'MARTINEZ', '1990-02-15', 'Ecuador', 176, 'Club Tijuana', 'Midfielder', 8, 0),
(375523, 'DANIEL VAN BUYTEN', 'DANIEL', 'VAN BUYTEN', '1978-02-07', 'Belgium', 196, 'FC Bayern Muenchen', 'Defender', 79, 0),
(376071, 'FATAWU DAUDA', 'FATAWU', 'DAUDA', '1985-04-06', 'Ghana', 180, 'Orlando Pirates', 'Goalkeeper', 17, 0),
(376285, 'AISSA MANDI', 'AISSA', 'MANDI', '1991-10-22', 'Algeria', 184, 'Stade de Reims', 'Defender', 2, 0),
(379164, 'BEN HALLORAN', 'BEN', 'HALLORAN', '1992-06-14', 'Australia', 180, 'Fortuna Duesseldorf', 'Forward', 1, 0),
(379165, 'BAILEY WRIGHT', 'BAILEY', 'WRIGHT', '1992-07-28', 'Australia', 184, 'Preston North End FC', 'Defender', 0, 0),
(379886, 'ALIREZA JAHAN BAKHSH', 'ALIREZA', 'JAHAN BAKHSH', '1993-08-11', 'Iran', 181, 'NEC Nijmegen', 'Forward', 5, 0),
(379888, 'DANIEL DAVARI', 'DANIEL', 'DAVARI', '1988-01-06', 'Iran', 193, 'Eintracht Braunschweig', 'Goalkeeper', 4, 0),
(379910, 'ADNAN JANUZAJ', 'ADNAN', 'JANUZAJ', '1995-02-05', 'Belgium', 180, 'Manchester United FC', 'Midfielder', 0, 0),
(379911, 'DIVOCK ORIGI', 'DIVOCK', 'ORIGI', '1995-04-18', 'Belgium', 185, 'Lille OSC', 'Forward', 1, 0),
(379952, 'ERIK DURM', 'ERIK', 'DURM', '1992-05-12', 'Germany', 183, 'Borussia Dortmund', 'Defender', 1, 0),
(379972, 'ACQUAH AFRIYIE', 'ACQUAH', 'AFRIYIE', '1992-05-01', 'Ghana', 162, 'Parma FC', 'Midfielder', 4, 0),
(379985, 'ANDREY SEMENOV', 'ANDREY', 'SEMENOV', '1989-03-24', 'Russia', 191, 'FC Terek Grozny', 'Defender', 1, 0),
(380060, 'CEDRIC DJEUGOUE', 'CEDRIC', 'DJEUGOUE', '1992-08-28', 'Cameroon', 175, 'Coton Sport FC', 'Defender', 3, 0),
(380069, 'CHRISTOPH KRAMER', 'CHRISTOPH', 'KRAMER', '1991-02-19', 'Germany', 189, 'Borussia Moenchengladbach', 'Midfielder', 2, 0);

-- --------------------------------------------------------

--
-- Table structure for table `player_assists_goals`
--

CREATE TABLE `player_assists_goals` (
  `Player_id` int(11) NOT NULL,
  `No_of_Matches` int(11) DEFAULT NULL,
  `Goals` int(11) DEFAULT NULL,
  `Assists` int(11) DEFAULT NULL,
  `Minutes_Played` int(11) DEFAULT NULL
) ENGINE=InnoDB DEFAULT CHARSET=utf8mb4;

--
-- Dumping data for table `player_assists_goals`
--

INSERT INTO `player_assists_goals` (`Player_id`, `No_of_Matches`, `Goals`, `Assists`, `Minutes_Played`) VALUES
(177876, 3, 0, 1, 225),
(178119, 4, 1, 1, 360),
(182206, 5, 2, 0, 281),
(183000, 2, 0, 1, 180),
(183796, 5, 0, 1, 413),
(183857, 3, 0, 1, 270),
(183864, 3, 1, 0, 143),
(183893, 4, 1, 0, 390),
(184447, 3, 0, 2, 270),
(184615, 3, 1, 1, 53),
(184616, 7, 3, 1, 690),
(185641, 3, 0, 1, 270),
(186808, 3, 1, 0, 100),
(187258, 3, 1, 0, 228),
(196748, 7, 0, 2, 690),
(196842, 3, 1, 1, 149),
(196900, 5, 1, 1, 377),
(197464, 2, 0, 1, 135),
(197514, 3, 1, 0, 270),
(198243, 3, 0, 2, 238),
(200130, 7, 0, 1, 720),
(200179, 2, 0, 1, 34),
(200201, 3, 0, 1, 225),
(200213, 5, 1, 0, 416),
(200847, 3, 0, 1, 140),
(201200, 3, 1, 1, 270),
(201787, 3, 0, 1, 45),
(202655, 3, 1, 1, 94),
(207528, 3, 1, 0, 191),
(207851, 4, 2, 0, 387),
(207906, 1, 0, 1, 90),
(208016, 5, 1, 0, 297),
(208353, 3, 2, 1, 270),
(209502, 2, 1, 0, 67),
(209940, 5, 0, 1, 510),
(210702, 2, 0, 1, 164),
(213001, 2, 2, 0, 159),
(214228, 4, 1, 0, 280),
(214384, 1, 0, 1, 21),
(214876, 5, 2, 0, 494),
(215002, 6, 1, 1, 585),
(216646, 3, 1, 0, 55),
(217315, 6, 4, 0, 548),
(218284, 6, 0, 1, 570),
(227851, 4, 1, 0, 301),
(228599, 4, 1, 0, 76),
(228627, 4, 2, 2, 390),
(229397, 7, 4, 1, 693),
(229498, 4, 0, 1, 360),
(229499, 4, 1, 0, 360),
(229884, 1, 1, 0, 56),
(230517, 4, 0, 1, 182),
(233500, 3, 1, 1, 270),
(233531, 4, 0, 1, 360),
(233952, 6, 1, 0, 471),
(234551, 4, 1, 1, 296),
(239237, 3, 0, 1, 264),
(251352, 4, 1, 0, 333),
(254166, 2, 1, 0, 50),
(254167, 3, 1, 0, 270),
(261029, 4, 0, 1, 390),
(266800, 5, 1, 1, 423),
(267811, 1, 1, 0, 34),
(267834, 4, 1, 1, 360),
(268149, 3, 1, 1, 104),
(269058, 5, 6, 2, 400),
(270144, 4, 1, 0, 102),
(270301, 4, 1, 1, 309),
(270775, 2, 2, 0, 178),
(271043, 7, 2, 1, 660),
(271414, 3, 1, 0, 220),
(271550, 7, 1, 0, 572),
(273996, 5, 0, 2, 368),
(274283, 3, 0, 1, 270),
(275162, 7, 2, 4, 690),
(286278, 3, 1, 0, 249),
(289964, 6, 1, 1, 570),
(290186, 3, 2, 1, 263),
(290902, 5, 1, 0, 415),
(290904, 5, 1, 0, 449),
(291393, 3, 1, 0, 270),
(294619, 3, 0, 1, 270),
(294620, 3, 2, 0, 262),
(296633, 3, 0, 1, 270),
(296827, 4, 1, 0, 367),
(297103, 5, 3, 3, 450),
(297106, 4, 1, 2, 335),
(297112, 4, 1, 1, 390),
(298582, 3, 0, 1, 270),
(298662, 2, 0, 1, 136),
(298664, 3, 1, 0, 174),
(299090, 4, 1, 0, 390),
(299198, 3, 1, 1, 270),
(300237, 3, 0, 1, 270),
(300409, 3, 1, 1, 265),
(300411, 3, 1, 0, 144),
(301059, 3, 1, 0, 208),
(305036, 7, 1, 2, 654),
(306410, 3, 0, 1, 221),
(306424, 3, 0, 1, 207),
(306532, 3, 1, 0, 260),
(306548, 6, 3, 3, 245),
(307026, 5, 0, 1, 425),
(307529, 5, 1, 2, 415),
(307849, 3, 1, 0, 247),
(309316, 6, 2, 0, 258),
(309714, 5, 1, 3, 386),
(309716, 4, 1, 0, 304),
(311148, 7, 0, 1, 690),
(311150, 6, 2, 0, 508),
(311554, 4, 1, 0, 140),
(311558, 4, 1, 0, 323),
(312014, 2, 0, 1, 141),
(312116, 2, 0, 1, 49),
(312868, 7, 2, 1, 640),
(312987, 4, 1, 0, 336),
(313021, 7, 1, 0, 677),
(313559, 4, 0, 1, 390),
(313832, 3, 2, 0, 194),
(314197, 5, 4, 1, 458),
(316117, 2, 0, 1, 94),
(317056, 4, 1, 0, 214),
(318150, 4, 1, 1, 364),
(318688, 6, 1, 1, 616),
(319358, 4, 1, 1, 390),
(319428, 5, 0, 2, 365),
(319432, 7, 1, 2, 670),
(319436, 1, 1, 0, 15),
(319438, 7, 1, 0, 550),
(320375, 2, 1, 0, 180),
(321653, 4, 3, 0, 387),
(321722, 7, 5, 2, 682),
(329092, 4, 0, 1, 360),
(336098, 4, 2, 1, 173),
(339551, 3, 0, 1, 270),
(344714, 4, 2, 0, 335),
(349576, 3, 0, 1, 270),
(353118, 3, 2, 0, 167),
(354859, 4, 2, 1, 324),
(354875, 3, 2, 1, 169),
(355023, 1, 0, 1, 90),
(356399, 4, 0, 2, 250),
(356409, 4, 1, 1, 337),
(356704, 3, 1, 0, 92),
(358011, 4, 0, 1, 360),
(358014, 5, 1, 0, 427),
(358015, 5, 1, 1, 165),
(358048, 3, 1, 0, 270),
(358099, 2, 0, 1, 148),
(358112, 4, 1, 1, 175),
(358114, 5, 1, 0, 270),
(358120, 4, 1, 2, 390),
(359381, 3, 2, 1, 258),
(359995, 1, 1, 0, 29),
(360728, 4, 0, 2, 259),
(362641, 3, 1, 0, 270),
(362649, 2, 1, 0, 136),
(364763, 4, 0, 1, 360),
(366309, 3, 1, 1, 190),
(367388, 5, 1, 1, 354),
(367913, 1, 0, 1, 90),
(367918, 6, 0, 1, 525),
(369094, 1, 1, 0, 13),
(370522, 3, 0, 2, 270),
(373400, 3, 3, 0, 270),
(373555, 1, 1, 0, 45),
(375518, 2, 2, 0, 180),
(379808, 2, 0, 1, 105),
(379911, 5, 1, 1, 245);

-- --------------------------------------------------------

--
-- Table structure for table `player_cards`
--

CREATE TABLE `player_cards` (
  `Player_id` int(11) NOT NULL,
  `Yellow_Cards` int(11) DEFAULT NULL,
  `Red_Cards` int(11) DEFAULT NULL
) ENGINE=InnoDB DEFAULT CHARSET=utf8mb4;

--
-- Dumping data for table `player_cards`
--

INSERT INTO `player_cards` (`Player_id`, `Yellow_Cards`, `Red_Cards`) VALUES
(3408, 1, 0),
(175512, 1, 0),
(176644, 1, 0),
(176971, 2, 0),
(178119, 2, 0),
(182372, 1, 0),
(183000, 2, 0),
(183893, 1, 0),
(184373, 1, 0),
(184615, 2, 0),
(184616, 1, 0),
(185641, 1, 0),
(190962, 1, 0),
(196748, 1, 0),
(196752, 2, 0),
(196900, 1, 0),
(197411, 1, 0),
(197514, 2, 0),
(199175, 1, 0),
(200133, 1, 0),
(200199, 1, 0),
(200213, 1, 0),
(200219, 1, 0),
(200259, 1, 0),
(200261, 0, 1),
(200935, 1, 0),
(201787, 1, 0),
(202544, 1, 1),
(207528, 1, 0),
(207946, 1, 0),
(208016, 1, 0),
(208120, 1, 0),
(209827, 2, 1),
(209940, 1, 0),
(212246, 1, 0),
(212306, 1, 0),
(213001, 2, 0),
(213170, 1, 0),
(213878, 1, 0),
(213879, 1, 0),
(213953, 1, 0),
(214384, 1, 0),
(214407, 1, 0),
(214876, 1, 0),
(214887, 3, 1),
(214961, 1, 0),
(215208, 1, 0),
(215513, 1, 0),
(216004, 1, 0),
(216069, 1, 0),
(216645, 1, 0),
(216650, 1, 0),
(216814, 1, 0),
(216970, 1, 0),
(217172, 1, 0),
(217315, 2, 0),
(228336, 1, 0),
(228528, 1, 0),
(229051, 1, 0),
(229498, 1, 0),
(229499, 1, 0),
(233167, 1, 0),
(233703, 1, 0),
(234405, 1, 0),
(234463, 1, 0),
(237071, 1, 0),
(237949, 1, 0),
(238112, 1, 0),
(239433, 2, 0),
(251352, 1, 0),
(266800, 1, 0),
(267543, 1, 0),
(267829, 1, 0),
(268406, 1, 0),
(268594, 1, 0),
(268822, 1, 0),
(269058, 1, 0),
(271253, 1, 0),
(273996, 1, 0),
(274329, 1, 0),
(275931, 0, 1),
(276131, 1, 0),
(280487, 1, 0),
(286238, 1, 0),
(286481, 0, 1),
(289027, 1, 0),
(289195, 2, 0),
(289964, 3, 0),
(290452, 1, 0),
(290821, 1, 0),
(290824, 0, 1),
(290825, 1, 0),
(290864, 2, 0),
(290904, 1, 0),
(291329, 1, 0),
(291393, 1, 0),
(294626, 1, 0),
(296633, 1, 0),
(296827, 1, 0),
(297112, 1, 0),
(297373, 1, 0),
(298664, 0, 1),
(298677, 2, 0),
(298959, 1, 0),
(299090, 1, 0),
(300237, 1, 0),
(300411, 3, 0),
(301059, 2, 0),
(301165, 1, 0),
(306548, 1, 0),
(307541, 1, 0),
(307849, 1, 0),
(310048, 1, 0),
(311148, 2, 0),
(311558, 1, 0),
(311850, 1, 0),
(312432, 1, 0),
(312679, 1, 0),
(312868, 1, 0),
(312987, 2, 1),
(313021, 1, 0),
(314197, 1, 0),
(318150, 1, 0),
(318172, 1, 0),
(318688, 1, 0),
(319432, 1, 0),
(321971, 1, 0),
(323339, 1, 0),
(323556, 1, 0),
(323623, 1, 0),
(330659, 1, 0),
(336043, 1, 0),
(336791, 1, 0),
(349576, 1, 0),
(349578, 1, 0),
(349582, 2, 0),
(349592, 2, 0),
(353235, 1, 0),
(354883, 1, 0),
(356399, 1, 0),
(356712, 1, 0),
(358013, 2, 0),
(358014, 1, 0),
(358049, 1, 0),
(358101, 1, 0),
(358736, 2, 0),
(358891, 1, 0),
(359223, 1, 0),
(361222, 1, 0),
(362649, 1, 0),
(363578, 1, 0),
(367261, 1, 0),
(367388, 1, 0),
(367393, 1, 0),
(367555, 1, 0),
(367913, 1, 0),
(367918, 1, 0),
(368655, 1, 0),
(369058, 0, 1),
(369392, 1, 0),
(369983, 1, 0),
(373400, 1, 0),
(379264, 2, 0),
(379939, 1, 0);

--
-- Indexes for dumped tables
--

--
-- Indexes for table `country`
--
ALTER TABLE `country`
  ADD PRIMARY KEY (`Country_Name`);

--
-- Indexes for table `match_results`
--
ALTER TABLE `match_results`
  ADD PRIMARY KEY (`Match_id`),
  ADD KEY `Team1` (`Team1`),
  ADD KEY `Team2` (`Team2`);

--
-- Indexes for table `players`
--
ALTER TABLE `players`
  ADD PRIMARY KEY (`Player_id`),
  ADD KEY `Country` (`Country`);

--
-- Indexes for table `player_assists_goals`
--
ALTER TABLE `player_assists_goals`
  ADD PRIMARY KEY (`Player_id`);

--
-- Indexes for table `player_cards`
--
ALTER TABLE `player_cards`
  ADD PRIMARY KEY (`Player_id`);

--
-- Constraints for dumped tables
--

--
-- Constraints for table `match_results`
--
ALTER TABLE `match_results`
  ADD CONSTRAINT `match_results_ibfk_1` FOREIGN KEY (`Team1`) REFERENCES `country` (`Country_Name`),
  ADD CONSTRAINT `match_results_ibfk_2` FOREIGN KEY (`Team2`) REFERENCES `country` (`Country_Name`);

--
-- Constraints for table `players`
--
ALTER TABLE `players`
  ADD CONSTRAINT `players_ibfk_1` FOREIGN KEY (`Country`) REFERENCES `country` (`Country_Name`);
COMMIT;

/*!40101 SET CHARACTER_SET_CLIENT=@OLD_CHARACTER_SET_CLIENT */;
/*!40101 SET CHARACTER_SET_RESULTS=@OLD_CHARACTER_SET_RESULTS */;
/*!40101 SET COLLATION_CONNECTION=@OLD_COLLATION_CONNECTION */;
